complex_name,protein_description,peptide_description
ghrelin_1_28_desacyl,/content/drive/MyDrive/ghsr_af3_molecule_screening/data/ghsr_receptor.pdb,GSSFLSPEHQRVQQRKESKKPPAKLQPR
obestatin,/content/drive/MyDrive/ghsr_af3_molecule_screening/data/ghsr_receptor.pdb,FNAPFDVGIKLSGVQYQQHSQAL
leap2_1_40,/content/drive/MyDrive/ghsr_af3_molecule_screening/data/ghsr_receptor.pdb,TPFWRGVSLRPIGASCRDDSECITRLCRKRRCSLSVAQE
ghrp_6,/content/drive/MyDrive/ghsr_af3_molecule_screening/data/ghsr_receptor.pdb,H[DTR]AW[DPN]K
ghrp_2,/content/drive/MyDrive/ghsr_af3_molecule_screening/data/ghsr_receptor.pdb,[DAL][DPN]AW[DPN]K
ghrp_1,/content/drive/MyDrive/ghsr_af3_molecule_screening/data/ghsr_receptor.pdb,AH[DPN]AW[DPN]K
hexarelin,/content/drive/MyDrive/ghsr_af3_molecule_screening/data/ghsr_receptor.pdb,H[DTR]AW[DPN]K
ipamorelin,/content/drive/MyDrive/ghsr_af3_molecule_screening/data/ghsr_receptor.pdb,[AIB]H[DPN][DPN]K
examorelin,/content/drive/MyDrive/ghsr_af3_molecule_screening/data/ghsr_receptor.pdb,H[DTR]AW[DPN]K
bpc_157,/content/drive/MyDrive/ghsr_af3_molecule_screening/data/ghsr_receptor.pdb,GEPPPGKPADDAGLV
thymosin_alpha_1,/content/drive/MyDrive/ghsr_af3_molecule_screening/data/ghsr_receptor.pdb,SDAAVDTSSEITTKDLKEKKEVVEEAEN
aod_9604,/content/drive/MyDrive/ghsr_af3_molecule_screening/data/ghsr_receptor.pdb,YLRIVQCRSVEGSCGF
semax,/content/drive/MyDrive/ghsr_af3_molecule_screening/data/ghsr_receptor.pdb,MEHFPGP
selank,/content/drive/MyDrive/ghsr_af3_molecule_screening/data/ghsr_receptor.pdb,TKPRPGP
ghk,/content/drive/MyDrive/ghsr_af3_molecule_screening/data/ghsr_receptor.pdb,GHK
epitalon,/content/drive/MyDrive/ghsr_af3_molecule_screening/data/ghsr_receptor.pdb,AEDG
mots_c,/content/drive/MyDrive/ghsr_af3_molecule_screening/data/ghsr_receptor.pdb,MRWQEMGYIFYPRKLR
kpv,/content/drive/MyDrive/ghsr_af3_molecule_screening/data/ghsr_receptor.pdb,KPV
kisspeptin_10,/content/drive/MyDrive/ghsr_af3_molecule_screening/data/ghsr_receptor.pdb,YNWNSFGLRF
dsip,/content/drive/MyDrive/ghsr_af3_molecule_screening/data/ghsr_receptor.pdb,WAGGDASGE
cjc_1295_no_dac,/content/drive/MyDrive/ghsr_af3_molecule_screening/data/ghsr_receptor.pdb,Y[DAL]DAIFTQSYRKVLAQLSARKLLQDILSR
tb_500,/content/drive/MyDrive/ghsr_af3_molecule_screening/data/ghsr_receptor.pdb,KLKKTETQEKNPLPSKETIEQEKQAGE
